"","state","year","total_popular_votes","Republican_Popular_Vote","Percent_Republican_Popular_Vote","Democrat_Popular_Votes","Percent_Democrat_Popular_Vote","Third_Party_Popular_Vote","Percent_Third_Party_Popular_Vote"
"11","Alabama",1952,"426,120","149,231","35.0","275,075","64.6",NA,NA
"12","Arizona",1952,"260,570","152,042","58.3","108,528","41.7",NA,NA
"13","Arkansas",1952,"404,800","177,155","43.8","226,300","55.9",NA,NA
"14","California",1952,"5,141,849","2,897,310","56.3","2,197,548","42.7",NA,NA
"15","Colorado",1952,"630,103","379,782","60.3","245,504","39.0",NA,NA
"16","Connecticut",1952,"1,096,911","611,012","55.7","481,649","43.9",NA,NA
"17","Delaware",1952,"174,025","90,059","51.8","83,315","47.9",NA,NA
"18","Florida",1952,"989,337","544,036","55.0","444,950","45.0",NA,NA
"19","Georgia",1952,"655,785","198,961","30.3","456,823","69.7",NA,NA
"20","Idaho",1952,"276,254","180,707","65.4","95,081","34.4",NA,NA
"21","Illinois",1952,"4,481,058","2,457,327","54.8","2,013,920","44.9",NA,NA
"22","Indiana",1952,"1,955,049","1,136,259","58.1","801,530","41.0",NA,NA
"23","Iowa",1952,"1,268,773","808,906","63.8","451,513","35.6",NA,NA
"24","Kansas",1952,"896,166","616,302","68.8","273,296","30.5",NA,NA
"25","Kentucky",1952,"993,148","495,029","49.8","495,729","49.9",NA,NA
"26","Louisiana",1952,"651,952","306,925","47.1","345,027","52.9",NA,NA
"27","Maine",1952,"351,786","232,353","66.0","118,806","33.8",NA,NA
"28","Maryland",1952,"902,074","499,424","55.4","395,337","43.8",NA,NA
"29","Massachusetts",1952,"2,383,398","1,292,325","54.2","1,083,525","45.5",NA,NA
"30","Michigan",1952,"2,798,592","1,551,529","55.4","1,230,657","44.0",NA,NA
"31","Minnesota",1952,"1,379,483","763,211","55.3","608,458","44.1",NA,NA
"32","Mississippi",1952,"285,532","112,966","39.6","172,566","60.4",NA,NA
"33","Missouri",1952,"1,892,062","959,429","50.7","929,830","49.1",NA,NA
"34","Montana",1952,"265,037","157,394","59.4","106,213","40.1",NA,NA
"35","Nebraska",1952,"609,660","421,603","69.2","188,057","30.8",NA,NA
"36","Nevada",1952,"82,190","50,502","61.4","31,688","38.6",NA,NA
"37","New Hampshire",1952,"272,950","166,287","60.9","106,663","39.1",NA,NA
"38","New Jersey",1952,"2,418,554","1,373,613","56.8","1,015,902","42.0",NA,NA
"39","New Mexico",1952,"238,608","132,170","55.4","105,661","44.3",NA,NA
"40","New York",1952,"7,128,239","3,952,813","55.5","3,104,601","43.6",NA,NA
"41","North Carolina",1952,"1,210,910","558,107","46.1","652,803","53.9",NA,NA
"42","North Dakota",1952,"270,127","191,712","71.0","76,694","28.4",NA,NA
"43","Ohio",1952,"3,700,758","2,100,391","56.8","1,600,367","43.2",NA,NA
"44","Oklahoma",1952,"948,984","518,045","54.6","430,939","45.4",NA,NA
"45","Oregon",1952,"695,059","420,815","60.5","270,579","38.9",NA,NA
"46","Pennsylvania",1952,"4,580,969","2,415,789","52.7","2,146,269","46.9",NA,NA
"47","Rhode Island",1952,"414,498","210,935","50.9","203,293","49.0",NA,NA
"48","South Carolina",1952,"341,087","9,793","2.9","173,004","50.7",NA,NA
"49","South Dakota",1952,"294,283","203,857","69.3","90,426","30.7",NA,NA
"50","Tennessee",1952,"892,553","446,147","50.0","443,710","49.7",NA,NA
"51","Texas",1952,"2,075,946","1,102,878","53.1","969,228","46.7",NA,NA
"52","Utah",1952,"329,554","194,190","58.9","135,364","41.1",NA,NA
"53","Vermont",1952,"153,557","109,717","71.5","43,355","28.2",NA,NA
"54","Virginia",1952,"619,689","349,037","56.3","268,677","43.4",NA,NA
"55","Washington",1952,"1,102,708","599,107","54.3","492,845","44.7",NA,NA
"56","West Virginia",1952,"873,548","419,970","48.1","453,578","51.9",NA,NA
"57","Wisconsin",1952,"1,607,370","979,744","61.0","622,175","38.7",NA,NA
"58","Wyoming",1952,"129,253","81,049","62.7","47,934","37.1",NA,NA
"111","Alabama",1956,"496,861","195,694","39.4","280,844","56.5",NA,NA
"121","Arizona",1956,"290,173","176,990","61.0","112,880","38.9",NA,NA
"131","Arkansas",1956,"406,572","186,287","45.8","213,277","52.5",NA,NA
"141","California",1956,"5,466,355","3,027,668","55.4","2,420,135","44.3",NA,NA
"151","Colorado",1956,"657,074","394,479","60.0","257,997","39.3",NA,NA
"161","Connecticut",1956,"1,117,121","711,837","63.7","405,079","36.3",NA,NA
"171","Delaware",1956,"177,988","98,057","55.1","79,421","44.6",NA,NA
"181","Florida",1956,"1,125,762","643,849","57.2","480,371","42.7",NA,NA
"191","Georgia",1956,"669,655","222,778","33.3","444,688","66.4",NA,NA
"201","Idaho",1956,"272,989","166,979","61.2","105,868","38.8",NA,NA
"211","Illinois",1956,"4,407,407","2,623,327","59.5","1,775,682","40.3",NA,NA
"221","Indiana",1956,"1,974,607","1,182,811","59.9","783,908","39.7",NA,NA
"231","Iowa",1956,"1,234,564","729,187","59.1","501,858","40.7",NA,NA
"241","Kansas",1956,"866,243","566,878","65.4","296,317","34.2",NA,NA
"251","Kentucky",1956,"1,053,805","572,192","54.3","476,453","45.2",NA,NA
"261","Louisiana",1956,"617,544","329,047","53.3","243,977","39.5",NA,NA
"271","Maine",1956,"351,706","249,238","70.9","102,468","29.1",NA,NA
"281","Maryland",1956,"932,827","559,738","60.0","372,613","39.9",NA,NA
"291","Massachusetts",1956,"2,348,506","1,393,197","59.3","948,190","40.4",NA,NA
"301","Michigan",1956,"3,080,468","1,713,647","55.6","1,359,898","44.1",NA,NA
"311","Minnesota",1956,"1,340,005","719,302","53.7","617,525","46.1",NA,NA
"321","Mississippi",1956,"248,104","60,685","24.5","144,453","58.2",NA,NA
"331","Missouri",1956,"1,832,562","914,289","49.9","918,273","50.1",NA,NA
"341","Montana",1956,"271,171","154,933","57.1","116,238","42.9",NA,NA
"351","Nebraska",1956,"577,137","378,108","65.5","199,029","34.5",NA,NA
"361","Nevada",1956,"96,689","56,049","58.0","40,640","42.0",NA,NA
"371","New Hampshire",1956,"266,994","176,519","66.1","90,364","33.8",NA,NA
"381","New Jersey",1956,"2,484,312","1,606,942","64.7","850,337","34.2",NA,NA
"391","New Mexico",1956,"253,926","146,788","57.8","106,098","41.8",NA,NA
"401","New York",1956,"7,095,971","4,345,506","61.2","2,747,944","38.7",NA,NA
"411","North Carolina",1956,"1,165,592","575,062","49.3","590,530","50.7",NA,NA
"421","North Dakota",1956,"253,991","156,766","61.7","96,742","38.1",NA,NA
"431","Ohio",1956,"3,702,265","2,262,610","61.1","1,439,655","38.9",NA,NA
"441","Oklahoma",1956,"859,350","473,769","55.1","385,581","44.9",NA,NA
"451","Oregon",1956,"736,132","406,393","55.2","329,204","44.7",NA,NA
"461","Pennsylvania",1956,"4,576,503","2,585,252","56.5","1,981,769","43.3",NA,NA
"471","Rhode Island",1956,"387,609","225,819","58.3","161,790","41.7",NA,NA
"481","South Carolina",1956,"300,583","75,700","25.2","136,372","45.4",NA,NA
"491","South Dakota",1956,"293,857","171,569","58.4","122,288","41.6",NA,NA
"501","Tennessee",1956,"939,404","462,288","49.2","456,507","48.6",NA,NA
"511","Texas",1956,"1,955,168","1,080,619","55.3","859,958","44.0",NA,NA
"521","Utah",1956,"333,995","215,631","64.6","118,364","35.4",NA,NA
"531","Vermont",1956,"152,978","110,390","72.2","42,549","27.8",NA,NA
"541","Virginia",1956,"697,978","386,459","55.4","267,760","38.4",NA,NA
"551","Washington",1956,"1,150,889","620,430","53.9","523,002","45.4",NA,NA
"561","West Virginia",1956,"830,831","449,297","54.1","381,534","45.9",NA,NA
"571","Wisconsin",1956,"1,550,558","954,844","61.6","586,768","37.8",NA,NA
"581","Wyoming",1956,"124,127","74,573","60.1","49,554","39.9",NA,NA
"9","Alabama",1960,"570,225","237,981","41.7","324,050","56.8",NA,NA
"10","Alaska",1960,"60,762","30,953","50.9","29,809","49.1",NA,NA
"112","Arizona",1960,"398,491","221,241","55.5","176,781","44.4",NA,NA
"122","Arkansas",1960,"428,509","184,508","43.1","215,049","50.2",NA,NA
"132","California",1960,"6,506,578","3,259,722","50.1","3,224,099","49.6",NA,NA
"142","Colorado",1960,"736,236","402,242","54.6","330,629","44.9",NA,NA
"152","Connecticut",1960,"1,222,883","565,813","46.3","657,055","53.7",NA,NA
"162","Delaware",1960,"196,683","96,373","49.0","99,590","50.6",NA,NA
"172","Florida",1960,"1,544,176","795,476","51.5","748,700","48.5",NA,NA
"182","Georgia",1960,"733,349","274,472","37.4","458,638","62.5",NA,NA
"192","Hawaii",1960,"184,705","92,295","50.0","92,410","50.0",NA,NA
"202","Idaho",1960,"300,450","161,597","53.8","138,853","46.2",NA,NA
"212","Illinois",1960,"4,757,409","2,368,988","49.8","2,377,846","50.0",NA,NA
"222","Indiana",1960,"2,135,360","1,175,120","55.0","952,358","44.6",NA,NA
"232","Iowa",1960,"1,273,810","722,381","56.7","550,565","43.2",NA,NA
"242","Kansas",1960,"928,825","561,474","60.4","363,213","39.1",NA,NA
"252","Kentucky",1960,"1,124,462","602,607","53.6","521,855","46.4",NA,NA
"262","Louisiana",1960,"807,891","230,980","28.6","407,339","50.4",NA,NA
"272","Maine",1960,"421,767","240,608","57.0","181,159","43.0",NA,NA
"282","Maryland",1960,"1,055,349","489,538","46.4","565,808","53.6",NA,NA
"292","Massachusetts",1960,"2,469,480","976,750","39.6","1,487,174","60.2",NA,NA
"302","Michigan",1960,"3,318,097","1,620,428","48.8","1,687,269","50.9",NA,NA
"312","Minnesota",1960,"1,541,887","757,915","49.2","779,933","50.6",NA,NA
"322","Mississippi",1960,"298,171","73,561","24.7","108,362","36.3",NA,NA
"332","Missouri",1960,"1,934,422","962,221","49.7","972,201","50.3",NA,NA
"342","Montana",1960,"277,579","141,841","51.1","134,891","48.6",NA,NA
"352","Nebraska",1960,"613,095","380,553","62.1","232,542","37.9",NA,NA
"362","Nevada",1960,"107,267","52,387","48.8","54,880","51.2",NA,NA
"372","New Hampshire",1960,"295,761","157,989","53.4","137,772","46.6",NA,NA
"382","New Jersey",1960,"2,773,111","1,363,324","49.2","1,385,415","50.0",NA,NA
"392","New Mexico",1960,"311,107","153,733","49.4","156,027","50.2",NA,NA
"402","New York",1960,"7,291,079","3,446,419","47.3","3,830,085","52.5",NA,NA
"412","North Carolina",1960,"1,368,556","655,420","47.9","713,136","52.1",NA,NA
"422","North Dakota",1960,"278,431","154,310","55.4","123,963","44.5",NA,NA
"432","Ohio",1960,"4,161,859","2,217,611","53.3","1,944,248","46.7",NA,NA
"442","Oklahoma",1960,"903,150","533,039","59.0","370,111","41.0",NA,NA
"452","Oregon",1960,"776,421","408,060","52.6","367,402","47.3",NA,NA
"462","Pennsylvania",1960,"5,006,541","2,439,956","48.7","2,556,282","51.1",NA,NA
"472","Rhode Island",1960,"405,535","147,502","36.4","258,032","63.6",NA,NA
"482","South Carolina",1960,"386,688","188,558","48.8","198,129","51.2",NA,NA
"492","South Dakota",1960,"306,487","178,417","58.2","128,070","41.8",NA,NA
"502","Tennessee",1960,"1,051,792","556,577","52.9","481,453","45.8",NA,NA
"512","Texas",1960,"2,311,084","1,121,310","48.5","1,167,567","50.5",NA,NA
"522","Utah",1960,"374,709","205,361","54.8","169,248","45.2",NA,NA
"532","Vermont",1960,"167,324","98,131","58.6","69,186","41.3",NA,NA
"542","Virginia",1960,"771,449","404,521","52.4","362,327","47.0",NA,NA
"552","Washington",1960,"1,241,572","629,273","50.7","599,298","48.3",NA,NA
"562","West Virginia",1960,"837,781","395,995","47.3","441,786","52.7",NA,NA
"572","Wisconsin",1960,"1,729,082","895,175","51.8","830,805","48.0",NA,NA
"582","Wyoming",1960,"140,782","77,451","55.0","63,331","45.0",NA,NA
"101","Alabama",1964,"689,818","479,085","69.5","--","0.0",NA,NA
"113","Alaska",1964,"67,259","22,930","34.1","44,329","65.9",NA,NA
"123","Arizona",1964,"480,770","242,535","50.4","237,753","49.5",NA,NA
"133","Arkansas",1964,"560,426","243,264","43.4","314,197","56.1",NA,NA
"143","California",1964,"7,057,586","2,879,108","40.8","4,171,877","59.1",NA,NA
"153","Colorado",1964,"776,986","296,767","38.2","476,024","61.3",NA,NA
"163","Connecticut",1964,"1,218,578","390,996","32.1","826,269","67.8",NA,NA
"173","Delaware",1964,"201,320","78,078","38.8","122,704","60.9",NA,NA
"183","District of Columbia",1964,"198,597","28,801","14.5","169,796","85.5",NA,NA
"193","Florida",1964,"1,854,481","905,941","48.9","948,540","51.1",NA,NA
"203","Georgia",1964,"1,139,335","616,584","54.1","522,556","45.9",NA,NA
"213","Hawaii",1964,"207,271","44,022","21.2","163,249","78.8",NA,NA
"223","Idaho",1964,"292,477","143,557","49.1","148,920","50.9",NA,NA
"233","Illinois",1964,"4,702,841","1,905,946","40.5","2,796,833","59.5",NA,NA
"243","Indiana",1964,"2,091,606","911,118","43.6","1,170,848","56.0",NA,NA
"253","Iowa",1964,"1,184,539","449,148","37.9","733,030","61.9",NA,NA
"263","Kansas",1964,"857,901","386,579","45.1","464,028","54.1",NA,NA
"273","Kentucky",1964,"1,046,105","372,977","35.7","669,659","64.0",NA,NA
"283","Louisiana",1964,"896,293","509,225","56.8","387,068","43.2",NA,NA
"293","Maine",1964,"380,965","118,701","31.2","262,264","68.8",NA,NA
"303","Maryland",1964,"1,116,457","385,495","34.5","730,912","65.5",NA,NA
"313","Massachusetts",1964,"2,344,798","549,727","23.4","1,786,422","76.2",NA,NA
"323","Michigan",1964,"3,203,102","1,060,152","33.1","2,136,615","66.7",NA,NA
"333","Minnesota",1964,"1,554,462","559,624","36.0","991,117","63.8",NA,NA
"343","Mississippi",1964,"409,146","356,528","87.1","52,618","12.9",NA,NA
"353","Missouri",1964,"1,817,879","653,535","36.0","1,164,344","64.0",NA,NA
"363","Montana",1964,"278,628","113,032","40.6","164,246","58.9",NA,NA
"373","Nebraska",1964,"584,154","276,847","47.4","307,307","52.6",NA,NA
"383","Nevada",1964,"135,433","56,094","41.4","79,339","58.6",NA,NA
"393","New Hampshire",1964,"288,093","104,029","36.1","184,064","63.9",NA,NA
"403","New Jersey",1964,"2,847,663","964,174","33.9","1,868,231","65.6",NA,NA
"413","New Mexico",1964,"328,645","132,838","40.4","194,015","59.0",NA,NA
"423","New York",1964,"7,166,275","2,243,559","31.3","4,913,102","68.6",NA,NA
"433","North Carolina",1964,"1,424,983","624,844","43.8","800,139","56.2",NA,NA
"443","North Dakota",1964,"258,389","108,207","41.9","149,784","58.0",NA,NA
"453","Ohio",1964,"3,969,196","1,470,865","37.1","2,498,331","62.9",NA,NA
"463","Oklahoma",1964,"932,499","412,665","44.3","519,834","55.7",NA,NA
"473","Oregon",1964,"786,305","282,779","36.0","501,017","63.7",NA,NA
"483","Pennsylvania",1964,"4,822,690","1,673,657","34.7","3,130,954","64.9",NA,NA
"493","Rhode Island",1964,"390,091","74,615","19.1","315,463","80.9",NA,NA
"503","South Carolina",1964,"524,779","309,048","58.9","215,723","41.1",NA,NA
"513","South Dakota",1964,"293,118","130,108","44.4","163,010","55.6",NA,NA
"523","Tennessee",1964,"1,143,946","508,965","44.5","634,947","55.5",NA,NA
"533","Texas",1964,"2,626,811","958,566","36.5","1,663,185","63.3",NA,NA
"543","Utah",1964,"401,413","181,785","45.3","219,628","54.7",NA,NA
"553","Vermont",1964,"163,089","54,942","33.7","108,127","66.3",NA,NA
"563","Virginia",1964,"1,042,267","481,334","46.2","558,038","53.5",NA,NA
"573","Washington",1964,"1,258,556","470,366","37.4","779,881","62.0",NA,NA
"583","West Virginia",1964,"792,040","253,953","32.1","538,087","67.9",NA,NA
"59","Wisconsin",1964,"1,691,815","638,495","37.7","1,050,424","62.1",NA,NA
"60","Wyoming",1964,"142,716","61,998","43.4","80,718","56.6",NA,NA
"91","Alabama",1968,"1,049,922","146,923","14.0","196,579","18.7","691,425","65.9"
"102","Alaska",1968,"83,035","37,600","45.3","35,411","42.6","10,024","12.1"
"114","Arizona",1968,"486,936","266,721","54.8","170,514","35.0","46,573","9.6"
"124","Arkansas",1968,"619,969","190,759","30.8","188,228","30.4","240,982","38.9"
"134","California",1968,"7,251,587","3,467,664","47.8","3,244,318","44.7","487,270","6.7"
"144","Colorado",1968,"811,199","409,345","50.5","335,174","41.3","60,813","7.5"
"154","Connecticut",1968,"1,256,232","556,721","44.3","621,561","49.5","76,650","6.1"
"164","Delaware",1968,"214,367","96,714","45.1","89,194","41.6","28,459","13.3"
"174","District of Columbia",1968,"170,578","31,012","18.2","139,566","81.8","--","0.0"
"184","Florida",1968,"2,187,805","886,804","40.5","676,794","30.9","624,207","28.5"
"194","Georgia",1968,"1,250,266","380,111","30.4","334,440","26.7","535,550","42.8"
"204","Hawaii",1968,"236,218","91,425","38.7","141,324","59.8","3,469","1.5"
"214","Idaho",1968,"291,183","165,369","56.8","89,273","30.7","36,541","12.5"
"224","Illinois",1968,"4,619,749","2,174,774","47.1","2,039,814","44.2","390,958","8.5"
"234","Indiana",1968,"2,123,597","1,067,885","50.3","806,659","38.0","243,108","11.4"
"244","Iowa",1968,"1,167,931","619,106","53.0","476,699","40.8","66,422","5.7"
"254","Kansas",1968,"872,783","478,674","54.8","302,996","34.7","88,921","10.2"
"264","Kentucky",1968,"1,055,893","462,411","43.8","397,541","37.6","193,098","18.3"
"274","Louisiana",1968,"1,097,450","257,535","23.5","309,615","28.2","530,300","48.3"
"284","Maine",1968,"392,936","169,254","43.1","217,312","55.3","6,370","1.6"
"294","Maryland",1968,"1,235,039","517,995","41.9","538,310","43.6","178,734","14.5"
"304","Massachusetts",1968,"2,331,752","766,844","32.9","1,469,218","63.0","87,088","3.7"
"314","Michigan",1968,"3,306,250","1,370,665","41.5","1,593,082","48.2","331,968","10.0"
"324","Minnesota",1968,"1,588,506","658,643","41.5","857,738","54.0","68,931","4.3"
"334","Mississippi",1968,"654,509","88,516","13.5","150,644","23.0","415,349","63.5"
"344","Missouri",1968,"1,809,502","811,932","44.9","791,444","43.7","206,126","11.4"
"354","Montana",1968,"274,404","138,835","50.6","114,117","41.6","20,015","7.3"
"364","Nebraska",1968,"536,851","321,163","59.8","170,784","31.8","44,904","8.4"
"374","Nevada",1968,"154,218","73,188","47.5","60,598","39.3","20,432","13.2"
"384","New Hampshire",1968,"297,298","154,903","52.1","130,589","43.9","11,173","3.8"
"394","New Jersey",1968,"2,875,395","1,325,467","46.1","1,264,206","44.0","262,187","9.1"
"404","New Mexico",1968,"327,350","169,692","51.8","130,081","39.7","25,737","7.9"
"414","New York",1968,"6,791,688","3,007,932","44.3","3,378,470","49.7","358,864","5.3"
"424","North Carolina",1968,"1,587,493","627,192","39.5","464,113","29.2","496,188","31.3"
"434","North Dakota",1968,"247,882","138,669","55.9","94,769","38.2","14,244","5.7"
"444","Ohio",1968,"3,959,698","1,791,014","45.2","1,700,586","42.9","467,495","11.8"
"454","Oklahoma",1968,"943,086","449,697","47.7","301,658","32.0","191,731","20.3"
"464","Oregon",1968,"819,622","408,433","49.8","358,866","43.8","49,683","6.1"
"474","Pennsylvania",1968,"4,747,928","2,090,017","44.0","2,259,405","47.6","378,582","8.0"
"484","Rhode Island",1968,"385,000","122,359","31.8","246,518","64.0","15,678","4.1"
"494","South Carolina",1968,"666,978","254,062","38.1","197,486","29.6","215,430","32.3"
"504","South Dakota",1968,"281,264","149,841","53.3","118,023","42.0","13,400","4.8"
"514","Tennessee",1968,"1,248,617","472,592","37.8","351,233","28.1","424,792","34.0"
"524","Texas",1968,"3,079,216","1,227,844","39.9","1,266,804","41.1","584,269","19.0"
"534","Utah",1968,"422,568","238,728","56.5","156,665","31.1","26,906","6.4"
"544","Vermont",1968,"161,404","85,142","52.8","70,255","43.5","5,104","3.2"
"554","Virginia",1968,"1,361,491","590,319","43.4","442,387","32.5","321,833","23.6"
"564","Washington",1968,"1,304,281","588,510","45.1","616,037","47.2","96,990","7.4"
"574","West Virginia",1968,"754,206","307,555","40.8","374,091","49.6","72,560","9.6"
"584","Wisconsin",1968,"1,691,538","809,997","47.9","748,804","44.3","127,835","7.6"
"591","Wyoming",1968,"127,205","70,927","55.8","45,173","35.5","11,105","8.7"
"103","Alabama",1972,"1,006,111","728,701","72.4","256,923","25.5",NA,NA
"115","Alaska",1972,"95,219","55,349","58.1","32,967","34.6",NA,NA
"125","Arizona",1972,"622,926","402,812","64.7","198,540","31.9",NA,NA
"135","Arkansas",1972,"651,320","448,541","68.9","199,892","30.7",NA,NA
"145","California",1972,"8,367,862","4,602,096","55.0","3,475,847","41.5",NA,NA
"155","Colorado",1972,"953,884","597,189","62.6","329,980","34.6",NA,NA
"165","Connecticut",1972,"1,384,277","810,763","58.6","555,498","40.1",NA,NA
"175","Delaware",1972,"235,516","140,357","59.6","92,283","39.2",NA,NA
"185","District of Columbia",1972,"163,421","35,226","21.6","127,627","78.1",NA,NA
"195","Florida",1972,"2,583,283","1,857,759","71.9","718,117","27.8",NA,NA
"205","Georgia",1972,"1,174,772","881,496","75.0","289,529","24.6",NA,NA
"215","Hawaii",1972,"270,274","168,865","62.5","101,409","37.5",NA,NA
"225","Idaho",1972,"310,379","199,384","64.2","80,826","26.0",NA,NA
"235","Illinois",1972,"4,723,236","2,788,179","59.0","1,913,472","40.5",NA,NA
"245","Indiana",1972,"2,125,529","1,405,154","66.1","708,568","33.3",NA,NA
"255","Iowa",1972,"1,225,944","706,207","57.6","496,206","40.5",NA,NA
"265","Kansas",1972,"916,095","619,812","67.7","270,287","29.5",NA,NA
"275","Kentucky",1972,"1,067,499","676,446","63.4","371,159","34.8",NA,NA
"285","Louisiana",1972,"1,051,491","686,852","65.3","298,142","28.4",NA,NA
"295","Maine",1972,"417,042","256,458","61.5","160,584","38.5",NA,NA
"305","Maryland",1972,"1,353,812","829,305","61.3","505,781","37.4",NA,NA
"315","Massachusetts",1972,"2,458,756","1,112,078","45.2","1,332,540","54.2",NA,NA
"325","Michigan",1972,"3,489,727","1,961,721","56.2","1,459,435","41.8",NA,NA
"335","Minnesota",1972,"1,741,652","898,269","51.6","802,346","46.1",NA,NA
"345","Mississippi",1972,"645,963","505,125","78.2","126,782","19.6",NA,NA
"355","Missouri",1972,"1,855,803","1,153,852","62.2","697,147","37.6",NA,NA
"365","Montana",1972,"317,603","183,976","57.9","120,197","37.8",NA,NA
"375","Nebraska",1972,"576,289","406,298","70.5","169,991","29.5",NA,NA
"385","Nevada",1972,"181,766","115,750","63.7","66,016","36.3",NA,NA
"395","New Hampshire",1972,"334,055","213,724","64.0","116,435","34.9",NA,NA
"405","New Jersey",1972,"2,997,229","1,845,502","61.6","1,102,211","36.8",NA,NA
"415","New Mexico",1972,"386,241","235,606","61.0","141,084","36.5",NA,NA
"425","New York",1972,"7,165,919","4,192,778","58.5","2,951,084","41.2",NA,NA
"435","North Carolina",1972,"1,518,612","1,054,889","69.5","438,705","28.9",NA,NA
"445","North Dakota",1972,"280,514","174,109","62.1","100,384","35.8",NA,NA
"455","Ohio",1972,"4,094,787","2,441,827","59.6","1,558,889","38.1",NA,NA
"465","Oklahoma",1972,"1,029,900","759,025","73.7","247,147","24.0",NA,NA
"475","Oregon",1972,"927,946","486,686","52.4","392,760","42.3",NA,NA
"485","Pennsylvania",1972,"4,592,106","2,714,521","59.1","1,796,951","39.1",NA,NA
"495","Rhode Island",1972,"415,808","220,383","53.0","194,645","46.8",NA,NA
"505","South Carolina",1972,"673,960","477,044","70.8","186,824","27.7",NA,NA
"515","South Dakota",1972,"307,415","166,476","54.2","139,945","45.5",NA,NA
"525","Tennessee",1972,"1,201,182","813,147","67.7","357,293","29.7",NA,NA
"535","Texas",1972,"3,471,281","2,298,896","66.2","1,154,289","33.3",NA,NA
"545","Utah",1972,"478,476","323,643","67.6","126,284","26.4",NA,NA
"555","Vermont",1972,"186,947","117,149","62.7","68,174","36.5",NA,NA
"565","Virginia",1972,"1,457,019","988,493","67.8","438,887","30.1",NA,NA
"575","Washington",1972,"1,470,847","837,135","56.9","568,334","38.6",NA,NA
"585","West Virginia",1972,"762,399","484,964","63.6","277,435","36.4",NA,NA
"592","Wisconsin",1972,"1,852,890","989,430","53.4","810,174","43.7",NA,NA
"601","Wyoming",1972,"145,570","100,464","69.0","44,358","30.5",NA,NA
"104","Alabama",1976,"1,182,850","504,070","42.6","659,170","55.7",NA,NA
"116","Alaska",1976,"123,574","71,555","57.9","44,058","35.7",NA,NA
"126","Arizona",1976,"742,719","418,642","56.4","295,602","39.8",NA,NA
"136","Arkansas",1976,"767,535","267,903","34.9","498,604","65.0",NA,NA
"146","California",1976,"7,867,117","3,882,244","49.3","3,742,284","47.6",NA,NA
"156","Colorado",1976,"1,081,554","584,367","54.0","460,353","42.6",NA,NA
"166","Connecticut",1976,"1,381,526","719,261","52.1","647,895","46.9",NA,NA
"176","Delaware",1976,"235,834","109,831","46.6","122,596","52.0",NA,NA
"186","District of Columbia",1976,"168,830","27,873","16.5","137,818","81.6",NA,NA
"196","Florida",1976,"3,150,631","1,469,531","46.6","1,636,000","51.9",NA,NA
"206","Georgia",1976,"1,467,458","483,743","33.0","979,409","66.7",NA,NA
"216","Hawaii",1976,"291,301","140,003","48.1","147,375","50.6",NA,NA
"226","Idaho",1976,"344,071","204,151","59.3","126,549","36.8",NA,NA
"236","Illinois",1976,"4,718,914","2,364,269","50.1","2,271,295","48.1",NA,NA
"246","Indiana",1976,"2,220,362","1,183,958","53.3","1,014,714","45.7",NA,NA
"256","Iowa",1976,"1,279,306","632,863","49.5","619,931","48.5",NA,NA
"266","Kansas",1976,"957,845","502,752","52.5","430,421","44.9",NA,NA
"276","Kentucky",1976,"1,167,142","531,852","45.6","615,717","52.8",NA,NA
"286","Louisiana",1976,"1,278,439","587,446","46.0","661,365","51.7",NA,NA
"296","Maine",1976,"483,216","236,320","48.9","232,279","48.1",NA,NA
"306","Maryland",1976,"1,439,897","672,661","46.7","759,612","52.8",NA,NA
"316","Massachusetts",1976,"2,547,558","1,030,276","40.4","1,429,475","56.1",NA,NA
"326","Michigan",1976,"3,653,749","1,893,742","51.8","1,696,714","46.4",NA,NA
"336","Minnesota",1976,"1,949,931","819,395","42.0","1,070,440","54.9",NA,NA
"346","Mississippi",1976,"769,361","366,846","47.7","381,309","49.6",NA,NA
"356","Missouri",1976,"1,953,600","927,443","47.5","998,387","51.1",NA,NA
"366","Montana",1976,"328,734","173,703","52.8","149,259","45.4",NA,NA
"376","Nebraska",1976,"607,668","359,705","59.2","233,692","38.5",NA,NA
"386","Nevada",1976,"201,876","101,273","50.2","92,479","45.8",NA,NA
"396","New Hampshire",1976,"339,618","185,935","54.7","147,635","43.5",NA,NA
"406","New Jersey",1976,"3,014,472","1,509,688","50.1","1,444,653","47.9",NA,NA
"416","New Mexico",1976,"418,409","211,419","50.5","201,148","48.1",NA,NA
"426","New York",1976,"6,534,170","3,100,791","47.5","3,389,558","51.9",NA,NA
"436","North Carolina",1976,"1,678,914","741,960","44.2","927,365","55.2",NA,NA
"446","North Dakota",1976,"297,188","153,470","51.6","136,078","45.8",NA,NA
"456","Ohio",1976,"4,111,873","2,000,505","48.7","2,011,621","48.9",NA,NA
"466","Oklahoma",1976,"1,092,251","545,708","50.0","532,442","48.7",NA,NA
"476","Oregon",1976,"1,029,876","492,120","47.8","490,407","47.6",NA,NA
"486","Pennsylvania",1976,"4,620,787","2,205,604","47.7","2,328,677","50.4",NA,NA
"496","Rhode Island",1976,"411,170","181,249","44.1","227,636","55.4",NA,NA
"506","South Carolina",1976,"802,583","346,149","43.1","450,807","56.2",NA,NA
"516","South Dakota",1976,"300,678","151,505","50.4","147,068","48.9",NA,NA
"526","Tennessee",1976,"1,476,345","633,969","42.9","825,879","55.9",NA,NA
"536","Texas",1976,"4,071,884","1,953,300","48.0","2,082,319","51.1",NA,NA
"546","Utah",1976,"541,198","337,908","62.4","182,110","33.6",NA,NA
"556","Vermont",1976,"187,765","102,085","54.4","80,954","43.1",NA,NA
"566","Virginia",1976,"1,697,094","836,554","49.3","813,896","48.0",NA,NA
"576","Washington",1976,"1,555,534","777,732","50.0","717,323","46.1",NA,NA
"586","West Virginia",1976,"750,964","314,760","41.9","435,914","58.0",NA,NA
"593","Wisconsin",1976,"2,104,175","1,004,987","47.8","1,040,232","49.4",NA,NA
"602","Wyoming",1976,"156,343","92,717","59.3","62,239","39.8",NA,NA
"92","Alabama",1980,"1,341,929","654,192","48.8","636,730","47.4","16,481","1.2"
"105","Alaska",1980,"158,445","86,112","54.3","41,842","26.4","11,155","7.0"
"117","Arizona",1980,"873,945","529,688","60.6","246,843","28.2","76,952","8.8"
"127","Arkansas",1980,"837,582","403,164","48.1","398,041","47.5","22,468","2.7"
"137","California",1980,"8,587,063","4,524,858","52.7","3,083,661","35.9","739,833","8.6"
"147","Colorado",1980,"1,184,415","652,264","55.1","367,973","31.1","130,633","11.0"
"157","Connecticut",1980,"1,406,285","677,210","48.2","541,732","38.5","171,807","12.2"
"167","Delaware",1980,"235,900","111,252","47.2","105,754","44.8","16,288","6.9"
"177","District of Columbia",1980,"175,237","23,545","13.4","131,113","74.8","16,337","9.3"
"187","Florida",1980,"3,686,930","2,046,951","55.5","1,419,475","38.5","189,692","5.1"
"197","Georgia",1980,"1,596,695","654,168","41.0","890,733","55.8","36,055","2.3"
"207","Hawaii",1980,"303,287","130,112","42.9","135,879","44.8","32,021","10.6"
"217","Idaho",1980,"437,431","290,699","66.5","110,192","25.2","27,058","6.2"
"227","Illinois",1980,"4,749,721","2,358,049","49.6","1,981,413","41.7","346,754","7.3"
"237","Indiana",1980,"2,242,033","1,255,656","56.0","844,197","37.7","111,639","5.0"
"247","Iowa",1980,"1,317,661","676,026","51.3","508,672","38.6","115,633","8.8"
"257","Kansas",1980,"979,795","566,812","57.9","326,150","33.3","68,231","7.0"
"267","Kentucky",1980,"1,294,627","635,274","49.1","616,417","47.6","31,127","2.4"
"277","Louisiana",1980,"1,548,591","792,853","51.2","708,453","45.7","26,345","1.7"
"287","Maine",1980,"523,011","238,522","45.6","220,974","42.3","53,327","10.2"
"297","Maryland",1980,"1,540,496","680,606","44.2","726,161","47.1","119,537","7.8"
"307","Massachusetts",1980,"2,522,890","1,057,631","41.9","1,053,802","41.7","382,539","15.2"
"317","Michigan",1980,"3,909,725","1,915,225","49.0","1,661,532","42.5","275,223","7.0"
"327","Minnesota",1980,"2,051,980","873,268","42.6","954,174","46.5","174,990","8.5"
"337","Mississippi",1980,"892,620","441,089","49.4","429,281","48.1","12,036","1.3"
"347","Missouri",1980,"2,099,824","1,074,181","51.2","931,182","44.3","77,920","3.7"
"357","Montana",1980,"363,952","206,814","56.8","118,032","32.4","29,281","8.0"
"367","Nebraska",1980,"640,854","419,937","65.5","166,851","26.0","44,993","7.0"
"377","Nevada",1980,"247,885","155,017","62.5","66,666","26.9","17,651","7.1"
"387","New Hampshire",1980,"383,990","221,705","57.7","108,864","28.4","49,693","12.9"
"397","New Jersey",1980,"2,975,684","1,546,557","52.0","1,147,364","38.6","234,632","7.9"
"407","New Mexico",1980,"456,971","250,779","54.9","167,826","36.7","29,459","6.4"
"417","New York",1980,"6,201,959","2,893,831","46.7","2,728,372","44.0","467,801","7.5"
"427","North Carolina",1980,"1,855,833","915,018","49.3","875,635","47.2","52,800","2.8"
"437","North Dakota",1980,"301,545","193,695","64.2","79,189","26.3","23,640","7.8"
"447","Ohio",1980,"4,283,603","2,206,545","51.5","1,752,414","40.9","254,472","5.9"
"457","Oklahoma",1980,"1,149,708","695,570","60.5","402,026","35.0","38,284","3.3"
"467","Oregon",1980,"1,181,516","571,044","48.3","456,890","38.7","112,389","9.5"
"477","Pennsylvania",1980,"4,561,501","2,261,872","49.6","1,937,540","42.5","292,921","6.4"
"487","Rhode Island",1980,"416,072","154,793","37.2","198,342","47.7","59,819","14.4"
"497","South Carolina",1980,"894,071","441,841","49.4","430,385","48.1","14,153","1.6"
"507","South Dakota",1980,"327,703","198,343","60.5","103,855","31.7","21,431","6.5"
"517","Tennessee",1980,"1,617,616","787,761","48.7","783,051","48.4","35,991","2.2"
"527","Texas",1980,"4,541,636","2,510,705","55.3","1,881,147","41.4","111,613","2.5"
"537","Utah",1980,"604,222","439,687","72.8","124,266","20.6","30,284","5.0"
"547","Vermont",1980,"213,299","94,628","44.4","81,952","38.4","31,761","14.9"
"557","Virginia",1980,"1,866,032","989,609","53.0","752,174","40.3","95,418","5.1"
"567","Washington",1980,"1,742,394","865,244","49.7","650,193","37.3","185,073","10.6"
"577","West Virginia",1980,"737,715","334,206","45.3","367,462","49.8","31,691","4.3"
"587","Wisconsin",1980,"2,273,221","1,088,845","47.9","981,584","43.2","160,657","7.1"
"594","Wyoming",1980,"176,713","110,700","62.6","49,427","28.0","12,072","6.8"
"106","Alabama",1984,"1,441,713","872,849","60.5","551,899","38.3",NA,NA
"118","Alaska",1984,"207,605","138,377","66.7","62,007","29.9",NA,NA
"128","Arizona",1984,"1,025,897","681,416","66.4","333,854","32.5",NA,NA
"138","Arkansas",1984,"884,406","534,774","60.5","338,646","38.3",NA,NA
"148","California",1984,"9,505,423","5,467,009","57.5","3,922,519","41.3",NA,NA
"158","Colorado",1984,"1,295,380","821,817","63.4","454,975","35.1",NA,NA
"168","Connecticut",1984,"1,466,900","890,877","60.7","569,597","38.8",NA,NA
"178","Delaware",1984,"254,572","152,190","59.8","101,656","39.9",NA,NA
"188","District of Columbia",1984,"211,288","29,009","13.7","180,408","85.4",NA,NA
"198","Florida",1984,"4,180,051","2,730,350","65.3","1,448,816","34.7",NA,NA
"208","Georgia",1984,"1,776,120","1,068,722","60.2","706,628","39.8",NA,NA
"218","Hawaii",1984,"335,846","185,050","55.1","147,154","43.8",NA,NA
"228","Idaho",1984,"411,144","297,523","72.4","108,510","26.4",NA,NA
"238","Illinois",1984,"4,819,088","2,707,103","56.2","2,086,499","43.3",NA,NA
"248","Indiana",1984,"2,233,069","1,377,230","61.7","841,481","37.7",NA,NA
"258","Iowa",1984,"1,319,805","703,088","53.3","605,620","45.9",NA,NA
"268","Kansas",1984,"1,021,991","677,296","66.3","333,149","32.6",NA,NA
"278","Kentucky",1984,"1,369,345","821,702","60.0","539,539","39.4",NA,NA
"288","Louisiana",1984,"1,706,822","1,037,299","60.8","651,586","38.2",NA,NA
"298","Maine",1984,"553,144","336,500","60.8","214,515","38.8",NA,NA
"308","Maryland",1984,"1,675,873","879,918","52.5","787,935","47.0",NA,NA
"318","Massachusetts",1984,"2,559,453","1,310,936","51.2","1,239,606","48.4",NA,NA
"328","Michigan",1984,"3,801,658","2,251,571","59.2","1,529,638","40.2",NA,NA
"338","Minnesota",1984,"2,084,449","1,032,603","49.5","1,036,364","49.7",NA,NA
"348","Mississippi",1984,"941,104","582,377","61.9","352,192","37.4",NA,NA
"358","Missouri",1984,"2,122,783","1,274,188","60.0","848,583","40.0",NA,NA
"368","Montana",1984,"384,377","232,450","60.5","146,742","38.2",NA,NA
"378","Nebraska",1984,"652,090","460,054","70.6","187,866","28.8",NA,NA
"388","Nevada",1984,"286,667","188,770","65.8","91,655","32.0",NA,NA
"398","New Hampshire",1984,"389,066","267,051","68.6","120,395","30.9",NA,NA
"408","New Jersey",1984,"3,217,862","1,933,630","60.1","1,261,323","39.2",NA,NA
"418","New Mexico",1984,"514,370","307,101","59.7","201,769","39.2",NA,NA
"428","New York",1984,"6,806,810","3,664,763","53.8","3,119,609","45.8",NA,NA
"438","North Carolina",1984,"2,175,361","1,346,481","61.9","824,287","37.9",NA,NA
"448","North Dakota",1984,"308,971","200,336","64.8","104,429","33.8",NA,NA
"458","Ohio",1984,"4,547,619","2,678,560","58.9","1,825,440","40.1",NA,NA
"468","Oklahoma",1984,"1,255,676","861,530","68.6","385,080","30.7",NA,NA
"478","Oregon",1984,"1,226,527","685,700","55.9","536,479","43.7",NA,NA
"488","Pennsylvania",1984,"4,844,903","2,584,323","53.3","2,228,131","46.0",NA,NA
"498","Rhode Island",1984,"410,492","212,080","51.7","197,106","48.0",NA,NA
"508","South Carolina",1984,"968,529","615,539","63.6","344,459","35.6",NA,NA
"518","South Dakota",1984,"317,867","200,267","63.0","116,113","36.5",NA,NA
"528","Tennessee",1984,"1,711,994","990,212","57.8","711,714","41.6",NA,NA
"538","Texas",1984,"5,397,571","3,433,428","63.6","1,949,276","36.1",NA,NA
"548","Utah",1984,"629,656","469,105","74.5","155,369","24.7",NA,NA
"558","Vermont",1984,"234,561","135,865","57.9","95,730","40.8",NA,NA
"568","Virginia",1984,"2,146,635","1,337,078","62.3","796,250","37.1",NA,NA
"578","Washington",1984,"1,883,910","1,051,670","55.8","807,352","42.9",NA,NA
"588","West Virginia",1984,"735,742","405,483","55.1","328,125","44.6",NA,NA
"595","Wisconsin",1984,"2,211,689","1,198,584","54.2","995,740","45.0",NA,NA
"603","Wyoming",1984,"188,968","133,241","70.5","53,370","28.2",NA,NA
"107","Alabama",1988,"1,378,476","815,576","59.2","549,506","39.9",NA,NA
"119","Alaska",1988,"200,116","119,251","59.6","72,584","36.3",NA,NA
"129","Arizona",1988,"1,171,873","702,541","60.0","454,029","38.7",NA,NA
"139","Arkansas",1988,"827,738","466,578","56.4","349,237","42.2",NA,NA
"149","California",1988,"9,887,065","5,054,917","51.1","4,702,233","47.6",NA,NA
"159","Colorado",1988,"1,372,394","728,177","53.1","621,453","45.3",NA,NA
"169","Connecticut",1988,"1,443,394","750,241","52.0","676,584","46.9",NA,NA
"179","Delaware",1988,"249,891","139,639","55.9","108,647","43.5",NA,NA
"189","District of Columbia",1988,"192,877","27,590","14.3","159,407","82.6",NA,NA
"199","Florida",1988,"4,302,313","2,618,885","60.9","1,656,701","38.5",NA,NA
"209","Georgia",1988,"1,809,672","1,081,331","59.8","714,792","39.5",NA,NA
"219","Hawaii",1988,"354,461","158,625","44.8","192,364","54.3",NA,NA
"229","Idaho",1988,"408,968","253,881","62.1","147,272","36.0",NA,NA
"239","Illinois",1988,"4,559,120","2,310,939","50.7","2,215,940","48.6",NA,NA
"249","Indiana",1988,"2,168,621","1,297,763","59.8","860,643","39.7",NA,NA
"259","Iowa",1988,"1,225,614","545,355","44.5","670,557","54.7",NA,NA
"269","Kansas",1988,"993,044","554,049","55.8","422,636","42.6",NA,NA
"279","Kentucky",1988,"1,322,517","734,281","55.5","580,368","43.9",NA,NA
"289","Louisiana",1988,"1,628,202","883,702","54.3","717,460","44.1",NA,NA
"299","Maine",1988,"555,035","307,131","55.3","243,569","43.9",NA,NA
"309","Maryland",1988,"1,714,358","876,167","51.1","826,304","48.2",NA,NA
"319","Massachusetts",1988,"2,632,805","1,194,635","45.4","1,401,415","53.2",NA,NA
"329","Michigan",1988,"3,669,163","1,965,486","53.6","1,675,783","45.7",NA,NA
"339","Minnesota",1988,"2,096,790","962,337","45.9","1,109,471","52.9",NA,NA
"349","Mississippi",1988,"931,527","557,890","59.9","363,921","39.1",NA,NA
"359","Missouri",1988,"2,093,713","1,084,953","51.8","1,001,619","47.8",NA,NA
"369","Montana",1988,"365,674","190,412","52.1","168,936","46.2",NA,NA
"379","Nebraska",1988,"661,465","397,956","60.2","259,235","39.2",NA,NA
"389","Nevada",1988,"350,067","206,040","58.9","132,738","37.9",NA,NA
"399","New Hampshire",1988,"451,074","281,537","62.4","163,696","36.3",NA,NA
"409","New Jersey",1988,"3,099,553","1,743,192","56.2","1,320,352","42.6",NA,NA
"419","New Mexico",1988,"521,287","270,341","51.9","244,497","46.9",NA,NA
"429","New York",1988,"6,485,683","3,081,871","47.5","3,347,882","51.6",NA,NA
"439","North Carolina",1988,"2,134,370","1,237,258","58.0","890,167","41.7",NA,NA
"449","North Dakota",1988,"297,261","166,559","56.0","127,739","43.0",NA,NA
"459","Ohio",1988,"4,393,699","2,416,549","55.0","1,939,629","44.1",NA,NA
"469","Oklahoma",1988,"1,171,036","678,367","57.9","483,423","41.3",NA,NA
"479","Oregon",1988,"1,201,694","560,126","46.6","616,206","51.3",NA,NA
"489","Pennsylvania",1988,"4,536,251","2,300,087","50.7","2,194,944","48.4",NA,NA
"499","Rhode Island",1988,"404,620","177,761","43.9","225,123","55.6",NA,NA
"509","South Carolina",1988,"986,009","606,443","61.5","370,554","37.6",NA,NA
"519","South Dakota",1988,"312,991","165,415","52.8","145,560","46.5",NA,NA
"529","Tennessee",1988,"1,636,250","947,233","57.9","679,794","41.5",NA,NA
"539","Texas",1988,"5,427,410","3,036,829","56.0","2,352,748","43.3",NA,NA
"549","Utah",1988,"647,008","428,442","66.2","207,343","32.0",NA,NA
"559","Vermont",1988,"243,328","124,331","51.1","115,775","47.6",NA,NA
"569","Virginia",1988,"2,191,609","1,309,162","59.7","859,799","39.2",NA,NA
"579","Washington",1988,"1,865,253","903,835","48.5","933,516","50.0",NA,NA
"589","West Virginia",1988,"653,311","310,065","47.5","341,016","52.2",NA,NA
"596","Wisconsin",1988,"2,191,608","1,047,499","47.8","1,126,794","51.4",NA,NA
"604","Wyoming",1988,"176,551","106,867","60.5","67,113","38.0",NA,NA
"93","Alabama",1992,"1,688,060","804,283","47.6","690,080","40.9","183,109","10.8"
"108","Alaska",1992,"258,506","102,000","39.5","78,294","30.3","73,481","28.4"
"1110","Arizona",1992,"1,486,975","572,086","38.5","543,050","36.5","353,741","23.8"
"1210","Arkansas",1992,"950,653","337,324","35.5","505,823","53.2","99,132","10.4"
"1310","California",1992,"11,131,721","3,630,574","32.6","5,121,325","46.0","2,296,006","20.6"
"1410","Colorado",1992,"1,569,180","562,850","35.9","629,681","40.1","366,010","23.3"
"1510","Connecticut",1992,"1,616,332","578,313","35.8","682,318","42.2","348,771","21.6"
"1610","Delaware",1992,"289,735","102,313","35.3","126,054","43.5","59,213","20.4"
"1710","District of Columbia",1992,"227,572","20,698","9.1","192,619","84.6","9,681","4.3"
"1810","Florida",1992,"5,314,392","2,173,310","40.9","2,072,698","39.0","1,053,067","19.8"
"1910","Georgia",1992,"2,321,125","995,252","42.9","1,008,966","43.5","309,657","13.3"
"2010","Hawaii",1992,"372,842","136,822","36.7","179,310","48.1","53,003","14.2"
"2110","Idaho",1992,"482,142","202,645","42.0","137,013","28.4","130,395","27.0"
"2210","Illinois",1992,"5,050,157","1,734,096","34.3","2,453,350","48.6","840,515","16.6"
"2310","Indiana",1992,"2,305,871","989,375","42.9","848,420","36.8","455,934","19.8"
"2410","Iowa",1992,"1,354,607","504,891","37.3","586,353","43.3","253,468","18.7"
"2510","Kansas",1992,"1,157,335","449,951","38.9","390,434","33.7","312,358","27.0"
"2610","Kentucky",1992,"1,492,900","617,178","41.3","665,104","44.6","203,944","13.7"
"2710","Louisiana",1992,"1,790,017","733,386","41.0","815,971","45.6","211,478","11.8"
"2810","Maine",1992,"679,499","206,504","30.4","263,420","38.8","206,820","30.4"
"2910","Maryland",1992,"1,985,046","707,094","35.6","988,571","49.8","281,414","14.2"
"3010","Massachusetts",1992,"2,773,700","805,049","29.0","1,318,662","47.5","630,731","22.7"
"3110","Michigan",1992,"4,274,673","1,554,940","36.4","1,871,182","43.8","824,813","19.3"
"3210","Minnesota",1992,"2,347,948","747,841","31.9","1,020,997","43.5","562,506","24.0"
"3310","Mississippi",1992,"981,793","487,793","49.7","400,258","40.8","85,626","8.7"
"3410","Missouri",1992,"2,391,565","811,159","33.9","1,053,873","44.1","518,741","21.7"
"3510","Montana",1992,"410,611","144,207","35.1","154,507","37.6","107,225","26.1"
"3610","Nebraska",1992,"737,546","343,678","46.6","216,864","29.4","174,104","23.6"
"3710","Nevada",1992,"506,318","175,828","34.7","189,148","37.4","132,580","26.2"
"3810","New Hampshire",1992,"537,943","202,484","37.6","209,040","38.9","121,337","22.6"
"3910","New Jersey",1992,"3,343,594","1,356,865","40.6","1,436,206","43.0","521,829","15.6"
"4010","New Mexico",1992,"569,986","212,824","37.3","261,617","45.9","91,895","16.1"
"4110","New York",1992,"6,926,925","2,346,649","33.9","3,444,450","49.7","1,090,721","15.7"
"4210","North Carolina",1992,"2,611,850","1,134,661","43.4","1,114,042","42.7","357,864","13.7"
"4310","North Dakota",1992,"308,133","136,244","44.2","99,168","32.2","71,084","23.1"
"4410","Ohio",1992,"4,939,967","1,894,310","38.3","1,984,942","40.2","1,036,426","21.0"
"4510","Oklahoma",1992,"1,390,359","592,929","42.6","473,066","34.0","319,878","23.0"
"4610","Oregon",1992,"1,462,643","475,757","32.5","621,314","42.5","354,091","24.2"
"4710","Pennsylvania",1992,"4,959,810","1,791,841","36.1","2,239,164","45.1","902,667","18.2"
"4810","Rhode Island",1992,"453,477","131,601","29.0","213,299","47.0","105,045","23.2"
"4910","South Carolina",1992,"1,202,527","577,507","48.0","479,514","39.9","138,872","11.5"
"5010","South Dakota",1992,"336,254","136,718","40.7","124,888","37.1","73,295","21.8"
"5110","Tennessee",1992,"1,982,638","841,300","42.4","933,521","47.1","199,968","10.1"
"5210","Texas",1992,"6,154,018","2,496,071","40.6","2,281,815","37.1","1,354,781","22.0"
"5310","Utah",1992,"743,999","322,632","43.4","183,429","24.7","203,400","27.3"
"5410","Vermont",1992,"289,701","88,122","30.4","133,592","46.1","65,991","22.8"
"5510","Virginia",1992,"2,558,665","1,150,517","45.0","1,038,650","40.6","348,639","13.6"
"5610","Washington",1992,"2,288,230","731,234","32.0","993,037","43.4","541,780","23.7"
"5710","West Virginia",1992,"683,762","241,974","35.4","331,001","48.4","108,829","15.9"
"5810","Wisconsin",1992,"2,531,114","930,855","36.8","1,041,066","41.1","544,479","21.5"
"597","Wyoming",1992,"200,598","79,347","39.6","68,160","34.0","51,263","25.6"
"94","Alabama",1996,"1,534,349","769,044","50.1","662,165","43.2","92,149","6.0"
"109","Alaska",1996,"241,620","122,746","50.8","80,380","33.3","26,333","10.9"
"1111","Arizona",1996,"1,404,405","622,073","44.3","653,288","46.5","112,072","8.0"
"1211","Arkansas",1996,"884,262","325,416","36.8","475,171","53.7","69,884","7.9"
"1311","California",1996,"10,019,484","3,828,380","38.2","5,119,835","51.1","697,847","7.0"
"1411","Colorado",1996,"1,510,704","691,848","45.8","671,152","44.4","99,629","6.6"
"1511","Connecticut",1996,"1,392,614","483,109","34.7","735,740","52.8","139,523","10.0"
"1611","Delaware",1996,"270,845","99,062","36.6","140,355","51.8","28,719","10.6"
"1711","District of Columbia",1996,"185,726","17,339","9.3","158,220","85.2","3,611","1.9"
"1811","Florida",1996,"5,303,794","2,244,536","42.3","2,546,870","48.0","483,870","9.1"
"1911","Georgia",1996,"2,299,071","1,080,843","47.0","1,053,849","45.8","146,337","6.4"
"2011","Hawaii",1996,"360,120","113,943","31.6","205,012","56.9","27,358","7.6"
"2111","Idaho",1996,"491,719","256,595","52.2","165,443","33.6","62,518","12.7"
"2211","Illinois",1996,"4,311,391","1,587,021","36.8","2,341,744","54.3","346,408","8.0"
"2311","Indiana",1996,"2,135,431","1,006,693","47.1","887,424","41.6","224,299","10.5"
"2411","Iowa",1996,"1,234,075","492,644","39.9","620,258","50.3","105,159","8.5"
"2511","Kansas",1996,"1,074,300","583,245","54.3","387,659","36.1","92,639","8.6"
"2611","Kentucky",1996,"1,388,708","623,283","44.9","636,614","45.8","120,396","8.7"
"2711","Louisiana",1996,"1,783,959","712,586","39.9","927,837","52.0","123,293","6.9"
"2811","Maine",1996,"605,897","186,378","30.8","312,788","51.6","85,970","14.2"
"2911","Maryland",1996,"1,780,870","681,530","38.3","966,207","54.3","115,812","6.5"
"3011","Massachusetts",1996,"2,556,786","718,107","28.1","1,571,763","61.5","227,217","8.9"
"3111","Michigan",1996,"3,848,844","1,481,212","38.5","1,989,653","51.7","336,670","8.7"
"3211","Minnesota",1996,"2,192,640","766,476","35.0","1,120,438","51.1","257,704","11.8"
"3311","Mississippi",1996,"893,857","439,838","49.2","394,022","44.1","52,222","5.8"
"3411","Missouri",1996,"2,158,065","890,016","41.2","1,025,935","47.5","217,188","10.1"
"3511","Montana",1996,"407,261","179,652","44.1","167,922","41.3","55,229","13.6"
"3611","Nebraska",1996,"677,415","363,467","53.7","236,761","35.0","71,278","10.5"
"3711","Nevada",1996,"464,279","199,244","42.9","203,974","43.9","43,986","9.5"
"3811","New Hampshire",1996,"499,175","196,532","39.4","246,214","49.3","48,390","9.7"
"3911","New Jersey",1996,"3,075,807","1,103,078","35.9","1,652,329","53.7","262,134","8.5"
"4011","New Mexico",1996,"556,074","232,751","41.9","273,495","49.2","32,257","5.8"
"4111","New York",1996,"6,316,129","1,933,492","30.6","3,756,177","59.5","503,458","8.0"
"4211","North Carolina",1996,"2,515,807","1,225,938","48.7","1,107,849","44.0","168,059","6.7"
"4311","North Dakota",1996,"266,411","125,050","46.9","106,905","40.1","32,515","12.2"
"4411","Ohio",1996,"4,534,434","1,859,883","41.0","2,148,222","47.4","483,207","10.7"
"4511","Oklahoma",1996,"1,206,713","582,315","48.3","488,105","40.4","130,788","10.8"
"4611","Oregon",1996,"1,377,760","538,152","39.1","649,641","47.2","121,221","8.8"
"4711","Pennsylvania",1996,"4,506,118","1,801,169","40.0","2,215,819","49.2","430,984","9.6"
"4811","Rhode Island",1996,"390,284","104,683","26.8","233,050","59.7","43,723","11.2"
"4911","South Carolina",1996,"1,151,689","573,458","49.8","506,283","44.0","64,386","5.6"
"5011","South Dakota",1996,"323,826","150,543","46.5","139,333","43.0","31,250","9.7"
"5111","Tennessee",1996,"1,894,105","863,530","45.6","909,146","48.0","105,918","5.6"
"5211","Texas",1996,"5,611,644","2,736,167","48.8","2,459,683","43.8","378,537","6.7"
"5311","Utah",1996,"665,629","361,911","54.4","221,633","33.3","66,461","10.0"
"5411","Vermont",1996,"258,449","80,352","31.1","137,894","53.4","31,024","12.0"
"5511","Virginia",1996,"2,416,642","1,138,350","47.1","1,091,060","45.1","159,861","6.6"
"5611","Washington",1996,"2,253,837","840,712","37.3","1,123,323","49.8","201,003","8.9"
"5711","West Virginia",1996,"636,459","233,946","36.8","327,812","51.5","71,639","11.3"
"5811","Wisconsin",1996,"2,196,169","845,029","38.5","1,071,971","48.8","227,339","10.4"
"598","Wyoming",1996,"211,571","105,388","49.8","77,934","36.8","25,928","12.3"
"95","Alabama",2000,"1,666,272","941,173","56.5","692,611","41.6","18,323","1.1"
"1010","Alaska",2000,"285,560","167,398","58.6","79,004","27.7","28,747","10.1"
"1112","Arizona",2000,"1,532,016","781,652","51.0","685,341","44.7","45,645","3.0"
"1212","Arkansas",2000,"921,781","472,940","51.3","422,768","45.9","13,421","1.5"
"1312","California",2000,"10,965,856","4,567,429","41.7","5,861,203","53.4","418,707","3.8"
"1412","Colorado",2000,"1,741,368","883,748","50.8","738,227","42.4","91,434","5.3"
"1512","Connecticut",2000,"1,459,525","561,094","38.4","816,015","55.9","64,452","4.4"
"1612","Delaware",2000,"327,622","137,288","41.9","180,068","55.0","8,307","2.5"
"1712","District of Columbia",2000,"201,894","18,073","9.0","171,923","85.2","10,576","5.2"
"1812","Florida",2000,"5,963,110","2,912,790","48.8","2,912,253","48.8","97,488","1.6"
"1912","Georgia",2000,"2,596,645","1,419,720","54.7","1,116,230","43.0","13,273","0.5"
"2012","Hawaii",2000,"367,951","137,845","37.5","205,286","55.8","21,623","5.9"
"2112","Idaho",2000,"501,621","336,937","67.2","138,637","27.6","12,292","2.5"
"2212","Illinois",2000,"4,742,123","2,019,421","42.6","2,589,026","54.6","103,759","2.2"
"2312","Indiana",2000,"2,199,302","1,245,836","56.6","901,980","41.0","18,531","0.8"
"2412","Iowa",2000,"1,315,563","634,373","48.2","638,517","48.5","29,374","2.2"
"2512","Kansas",2000,"1,072,218","622,332","58.0","399,276","37.2","36,086","3.4"
"2612","Kentucky",2000,"1,544,187","872,492","56.5","638,898","41.4","23,192","1.5"
"2712","Louisiana",2000,"1,765,656","927,871","52.6","792,344","44.9","20,473","1.2"
"2812","Maine",2000,"651,817","286,616","44.0","319,951","49.1","37,127","5.7"
"2912","Maryland",2000,"2,020,480","813,797","40.3","1,140,782","56.5","53,768","2.7"
"3012","Massachusetts",2000,"2,702,984","878,502","32.5","1,616,487","59.8","173,564","6.4"
"3112","Michigan",2000,"4,232,711","1,953,139","46.1","2,170,418","51.3","84,165","2.0"
"3212","Minnesota",2000,"2,438,685","1,109,659","45.5","1,168,266","47.9","126,696","5.2"
"3312","Mississippi",2000,"994,184","572,844","57.6","404,614","40.7","8,122","0.8"
"3412","Missouri",2000,"2,359,892","1,189,924","50.4","1,111,138","47.1","38,515","1.6"
"3512","Montana",2000,"410,997","240,178","58.4","137,126","33.4","24,437","5.9"
"3612","Nebraska",2000,"697,019","433,862","62.2","231,780","33.3","24,540","3.5"
"3712","Nevada",2000,"608,970","301,575","49.5","279,978","46.0","15,008","2.5"
"3812","New Hampshire",2000,"569,081","273,559","48.1","266,348","46.8","22,198","3.9"
"3912","New Jersey",2000,"3,187,226","1,284,173","40.3","1,788,850","56.1","94,554","3.0"
"4012","New Mexico",2000,"598,605","286,417","47.8","286,783","47.9","21,251","3.6"
"4112","New York",2000,"6,821,999","2,403,374","35.2","4,107,697","60.2","244,030","3.6"
"4212","North Carolina",2000,"2,911,262","1,631,163","56.0","1,257,692","43.2","--","0.0"
"4312","North Dakota",2000,"288,256","174,852","60.7","95,284","33.1","9,486","3.3"
"4412","Ohio",2000,"4,701,998","2,350,363","50.0","2,183,628","46.4","117,799","2.5"
"4512","Oklahoma",2000,"1,234,229","744,337","60.3","474,276","38.4","--","0.0"
"4612","Oregon",2000,"1,533,968","713,577","46.5","720,342","47.0","77,357","5.0"
"4712","Pennsylvania",2000,"4,913,119","2,281,127","46.4","2,485,967","50.6","103,392","2.1"
"4812","Rhode Island",2000,"409,047","130,555","31.9","249,508","61.0","25,052","6.1"
"4912","South Carolina",2000,"1,382,717","785,937","56.8","565,561","40.9","20,200","1.5"
"5012","South Dakota",2000,"316,269","190,700","60.3","118,804","37.6","--","0.0"
"5112","Tennessee",2000,"2,076,181","1,061,949","51.1","981,720","47.3","19,781","1.0"
"5212","Texas",2000,"6,407,637","3,799,639","59.3","2,433,746","38.0","137,994","2.2"
"5312","Utah",2000,"770,754","515,096","66.8","203,053","26.3","35,850","4.7"
"5412","Vermont",2000,"294,308","119,775","40.7","149,022","50.6","20,374","6.9"
"5512","Virginia",2000,"2,739,447","1,437,490","52.5","1,217,290","44.4","59,398","2.2"
"5612","Washington",2000,"2,487,433","1,108,864","44.6","1,247,652","50.2","103,002","4.1"
"5712","West Virginia",2000,"648,124","336,475","51.9","295,497","45.6","10,680","1.6"
"5812","Wisconsin",2000,"2,598,607","1,237,279","47.6","1,242,987","47.8","94,070","3.6"
"599","Wyoming",2000,"218,351","147,947","67.8","60,481","27.7","4,625","2.1"
"96","Alabama",2004,"1,883,449","1,176,394","62.5","693,933","36.8",NA,NA
"1011","Alaska",2004,"312,598","190,889","61.1","111,025","35.5",NA,NA
"1113","Arizona",2004,"2,012,585","1,104,294","54.9","893,524","44.4",NA,NA
"1213","Arkansas",2004,"1,054,945","572,898","54.3","469,953","44.5",NA,NA
"1313","California",2004,"12,421,852","5,509,826","44.4","6,745,485","54.3",NA,NA
"1413","Colorado",2004,"2,130,330","1,101,255","51.7","1,001,732","47.0",NA,NA
"1513","Connecticut",2004,"1,578,769","693,826","43.9","857,488","54.3",NA,NA
"1613","Delaware",2004,"375,190","171,660","45.8","200,152","53.3",NA,NA
"1713","District of Columbia",2004,"227,586","21,256","9.3","202,970","89.2",NA,NA
"1813","Florida",2004,"7,609,810","3,964,522","52.1","3,583,544","47.1",NA,NA
"1913","Georgia",2004,"3,301,875","1,914,254","58.0","1,366,149","41.4",NA,NA
"2013","Hawaii",2004,"429,013","194,191","45.3","231,708","54.0",NA,NA
"2113","Idaho",2004,"598,447","409,235","68.4","181,098","30.3",NA,NA
"2213","Illinois",2004,"5,274,322","2,345,946","44.5","2,891,550","54.8",NA,NA
"2313","Indiana",2004,"2,468,002","1,479,438","59.9","969,011","39.3",NA,NA
"2413","Iowa",2004,"1,506,908","751,957","49.9","741,898","49.2",NA,NA
"2513","Kansas",2004,"1,187,756","736,456","62.0","434,993","36.6",NA,NA
"2613","Kentucky",2004,"1,795,882","1,069,439","59.5","712,733","39.7",NA,NA
"2713","Louisiana",2004,"1,943,106","1,102,169","56.7","820,299","42.2",NA,NA
"2813","Maine",2004,"740,752","330,201","44.6","396,842","53.6",NA,NA
"2913","Maryland",2004,"2,386,678","1,024,703","42.9","1,334,493","55.9",NA,NA
"3013","Massachusetts",2004,"2,912,388","1,071,109","36.8","1,803,800","61.9",NA,NA
"3113","Michigan",2004,"4,839,252","2,313,746","47.8","2,479,183","51.2",NA,NA
"3213","Minnesota",2004,"2,828,387","1,346,695","47.6","1,445,014","51.1",NA,NA
"3313","Mississippi",2004,"1,152,145","684,981","59.5","458,094","39.8",NA,NA
"3413","Missouri",2004,"2,731,364","1,455,713","53.3","1,259,171","46.1",NA,NA
"3513","Montana",2004,"450,445","266,063","59.1","173,710","38.6",NA,NA
"3613","Nebraska",2004,"778,186","512,814","65.9","254,328","32.7",NA,NA
"3713","Nevada",2004,"829,587","418,690","50.5","397,190","47.9",NA,NA
"3813","New Hampshire",2004,"677,738","331,237","48.9","340,511","50.2",NA,NA
"3913","New Jersey",2004,"3,611,691","1,670,003","46.2","1,911,430","52.9",NA,NA
"4013","New Mexico",2004,"756,304","376,930","49.8","370,942","49.0",NA,NA
"4113","New York",2004,"7,391,036","2,962,567","40.1","4,314,280","58.4",NA,NA
"4213","North Carolina",2004,"3,501,007","1,961,166","56.0","1,525,849","43.6",NA,NA
"4313","North Dakota",2004,"312,833","196,651","62.9","111,052","35.5",NA,NA
"4413","Ohio",2004,"5,627,908","2,859,768","50.8","2,741,167","48.7",NA,NA
"4513","Oklahoma",2004,"1,463,758","959,792","65.6","503,966","34.4",NA,NA
"4613","Oregon",2004,"1,836,782","866,831","47.2","943,163","51.3",NA,NA
"4713","Pennsylvania",2004,"5,769,590","2,793,847","48.4","2,938,095","50.9",NA,NA
"4813","Rhode Island",2004,"437,134","169,046","38.7","259,765","59.4",NA,NA
"4913","South Carolina",2004,"1,617,730","937,974","58.0","661,699","40.9",NA,NA
"5013","South Dakota",2004,"388,215","232,584","59.9","149,244","38.4",NA,NA
"5113","Tennessee",2004,"2,437,319","1,384,375","56.8","1,036,477","42.5",NA,NA
"5213","Texas",2004,"7,410,765","4,526,917","61.1","2,832,704","38.2",NA,NA
"5313","Utah",2004,"927,844","663,742","71.5","241,199","26.0",NA,NA
"5413","Vermont",2004,"312,309","121,180","38.8","184,067","58.9",NA,NA
"5513","Virginia",2004,"3,198,367","1,716,959","53.7","1,454,742","45.5",NA,NA
"5613","Washington",2004,"2,859,084","1,304,894","45.6","1,510,201","52.8",NA,NA
"5713","West Virginia",2004,"755,887","423,778","56.1","326,541","43.2",NA,NA
"5813","Wisconsin",2004,"2,997,007","1,478,120","49.3","1,489,504","49.7",NA,NA
"5910","Wyoming",2004,"243,428","167,629","68.9","70,776","29.1",NA,NA
"97","Alabama",2008,"2,099,819","1,266,546","60.3","813,479","38.7",NA,NA
"1012","Alaska",2008,"326,197","193,841","59.4","123,594","37.9",NA,NA
"1114","Arizona",2008,"2,293,475","1,230,111","53.6","1,034,707","45.1",NA,NA
"1214","Arkansas",2008,"1,086,617","638,017","58.7","422,310","38.9",NA,NA
"1314","California",2008,"13,561,900","5,011,781","37.0","8,274,473","61.0",NA,NA
"1414","Colorado",2008,"2,401,361","1,073,589","44.7","1,288,576","53.7",NA,NA
"1514","Connecticut",2008,"1,646,792","629,428","38.2","997,772","60.6",NA,NA
"1614","Delaware",2008,"412,412","152,374","36.9","255,459","61.9",NA,NA
"1714","District of Columbia",2008,"265,853","17,367","6.5","245,800","92.5",NA,NA
"1814","Florida",2008,"8,390,744","4,045,624","48.2","4,282,074","51.0",NA,NA
"1914","Georgia",2008,"3,924,440","2,048,744","52.2","1,844,137","47.0",NA,NA
"2014","Hawaii",2008,"453,568","120,566","26.6","325,871","71.8",NA,NA
"2114","Idaho",2008,"655,032","403,012","61.5","236,440","36.1",NA,NA
"2214","Illinois",2008,"5,523,051","2,031,527","36.8","3,419,673","61.9",NA,NA
"2314","Indiana",2008,"2,751,054","1,345,648","48.9","1,374,039","49.9",NA,NA
"2414","Iowa",2008,"1,543,662","682,379","44.2","828,940","53.7",NA,NA
"2514","Kansas",2008,"1,235,872","699,655","56.6","514,765","41.7",NA,NA
"2614","Kentucky",2008,"1,826,508","1,048,462","57.4","751,985","41.2",NA,NA
"2714","Louisiana",2008,"1,960,761","1,148,275","58.6","782,989","39.9",NA,NA
"2814","Maine",2008,"731,163","295,273","40.4","421,923","57.7",NA,NA
"3114","Maryland",2008,"2,631,596","959,862","36.5","1,629,467","61.9",NA,NA
"3214","Massachusetts",2008,"3,080,985","1,108,854","36.0","1,904,097","61.8",NA,NA
"3314","Michigan",2008,"5,001,766","2,048,639","41.0","2,872,579","57.4",NA,NA
"3414","Minnesota",2008,"2,910,369","1,275,409","43.8","1,573,354","54.1",NA,NA
"3514","Mississippi",2008,"1,289,865","724,597","56.2","554,662","43.0",NA,NA
"3614","Missouri",2008,"2,925,205","1,445,814","49.4","1,441,911","49.3",NA,NA
"3714","Montana",2008,"490,109","242,763","49.5","231,667","47.3",NA,NA
"3814","Nebraska",2008,"801,281","452,979","56.5","333,319","41.6",NA,NA
"4214","Nevada",2008,"967,848","412,827","42.7","533,736","55.1",NA,NA
"4314","New Hampshire",2008,"707,611","316,534","44.7","384,826","54.4",NA,NA
"4414","New Jersey",2008,"3,868,237","1,613,207","41.7","2,215,422","57.3",NA,NA
"4514","New Mexico",2008,"830,158","346,832","41.8","472,422","56.9",NA,NA
"4614","New York",2008,"7,591,233","2,742,298","36.1","4,769,700","62.8",NA,NA
"4714","North Carolina",2008,"4,310,789","2,128,474","49.4","2,142,651","49.7",NA,NA
"4814","North Dakota",2008,"316,621","168,601","53.3","141,278","44.6",NA,NA
"4914","Ohio",2008,"5,698,260","2,674,491","46.9","2,933,388","51.5",NA,NA
"5014","Oklahoma",2008,"1,462,661","960,165","65.6","502,496","34.4",NA,NA
"5114","Oregon",2008,"1,827,864","738,475","40.4","1,037,291","56.7",NA,NA
"5214","Pennsylvania",2008,"6,034,745","2,655,885","44.0","3,276,363","54.3",NA,NA
"5314","Rhode Island",2008,"469,767","165,391","35.2","296,571","63.1",NA,NA
"5414","South Carolina",2008,"1,920,969","1,034,896","53.9","862,449","44.9",NA,NA
"5514","South Dakota",2008,"381,975","203,054","53.2","170,924","44.7",NA,NA
"5614","Tennessee",2008,"2,599,749","1,479,178","56.9","1,087,437","41.8",NA,NA
"5714","Texas",2008,"8,077,795","4,479,328","55.5","3,528,633","43.7",NA,NA
"5814","Utah",2008,"952,370","596,030","62.6","327,670","34.4",NA,NA
"5911","Vermont",2008,"325,046","98,974","30.4","219,262","67.5",NA,NA
"605","Virginia",2008,"3,723,260","1,725,005","46.3","1,959,532","52.6",NA,NA
"61","Washington",2008,"3,036,878","1,229,216","40.5","1,750,848","57.7",NA,NA
"62","West Virginia",2008,"713,362","397,466","55.7","303,857","42.6",NA,NA
"63","Wisconsin",2008,"2,983,417","1,262,393","42.3","1,677,211","56.2",NA,NA
"64","Wyoming",2008,"256,035","164,958","64.4","82,868","32.4",NA,NA
"1115","Alabama",2012,"2,074,338","1,255,925","60.5","795,696","38.4",NA,NA
"1215","Alaska",2012,"300,495","164,676","54.8","122,640","40.8",NA,NA
"1315","Arizona",2012,"2,299,254","1,233,654","53.7","1,025,232","44.6",NA,NA
"1415","Arkansas",2012,"1,069,468","647,744","60.6","394,409","36.9",NA,NA
"1515","California",2012,"13,038,547","4,839,958","37.1","7,854,285","60.2",NA,NA
"1615","Colorado",2012,"2,569,520","1,185,243","46.1","1,323,101","51.5",NA,NA
"1715","Connecticut",2012,"1,558,960","634,892","40.7","905,083","58.1",NA,NA
"1815","Delaware",2012,"413,921","165,484","40.0","242,584","58.6",NA,NA
"1915","District of Columbia",2012,"293,764","21,381","7.3","267,070","90.9",NA,NA
"2015","Florida",2012,"8,474,179","4,163,447","49.1","4,237,756","50.0",NA,NA
"2115","Georgia",2012,"3,900,050","2,078,688","53.3","1,773,827","45.5",NA,NA
"2215","Hawaii",2012,"434,697","121,015","27.8","306,658","70.5",NA,NA
"2315","Idaho",2012,"652,274","420,911","64.5","212,787","32.6",NA,NA
"2415","Illinois",2012,"5,242,014","2,135,216","40.7","3,019,512","57.6",NA,NA
"2515","Indiana",2012,"2,624,534","1,420,543","54.1","1,152,887","43.9",NA,NA
"2615","Iowa",2012,"1,582,180","730,617","46.2","822,544","52.0",NA,NA
"2715","Kansas",2012,"1,159,971","692,634","59.7","440,726","38.0",NA,NA
"2815","Kentucky",2012,"1,797,212","1,087,190","60.5","679,370","37.8",NA,NA
"2914","Louisiana",2012,"1,994,065","1,152,262","57.8","809,141","40.6",NA,NA
"3014","Maine",2012,"713,180","292,276","41.0","401,306","56.3",NA,NA
"3115","Maryland",2012,"2,707,327","971,869","35.9","1,677,844","62.0",NA,NA
"3215","Massachusetts",2012,"3,167,767","1,188,314","37.5","1,921,290","60.7",NA,NA
"3315","Michigan",2012,"4,730,961","2,115,256","44.7","2,564,569","54.2",NA,NA
"3415","Minnesota",2012,"2,936,561","1,320,225","45.0","1,546,167","52.7",NA,NA
"3515","Mississippi",2012,"1,285,584","710,746","55.3","562,949","43.8",NA,NA
"3615","Missouri",2012,"2,757,323","1,482,440","53.8","1,223,796","44.4",NA,NA
"3715","Montana",2012,"484,048","267,928","55.4","201,839","41.7",NA,NA
"3815","Nebraska",2012,"794,379","475,064","59.8","302,081","38.0",NA,NA
"3914","Nevada",2012,"1,014,918","463,567","45.7","531,373","52.4",NA,NA
"4014","New Hampshire",2012,"710,972","329,918","46.5","369,561","52.0",NA,NA
"4114","New Jersey",2012,"3,638,499","1,478,088","40.6","2,122,786","58.3",NA,NA
"4215","New Mexico",2012,"783,758","335,788","42.8","415,335","53.0",NA,NA
"4315","New York",2012,"7,061,925","2,485,432","35.2","4,471,871","63.4",NA,NA
"4415","North Carolina",2012,"4,505,372","2,270,395","50.4","2,178,391","48.4",NA,NA
"4515","North Dakota",2012,"322,932","188,320","58.3","124,966","38.7",NA,NA
"4615","Ohio",2012,"5,580,822","2,661,407","47.7","2,827,621","50.7",NA,NA
"4715","Oklahoma",2012,"1,334,872","891,325","66.8","443,547","33.2",NA,NA
"4815","Oregon",2012,"1,789,270","754,175","42.1","970,488","54.2",NA,NA
"4915","Pennsylvania",2012,"5,753,670","2,680,434","46.7","2,990,274","52.1",NA,NA
"5015","Rhode Island",2012,"446,049","157,204","35.2","279,677","62.7",NA,NA
"5115","South Carolina",2012,"1,964,118","1,071,645","54.6","865,941","44.1",NA,NA
"5215","South Dakota",2012,"363,815","210,610","57.9","145,039","39.9",NA,NA
"5315","Tennessee",2012,"2,458,577","1,462,330","59.5","960,709","39.1",NA,NA
"5415","Texas",2012,"7,993,851","4,569,843","57.2","3,308,124","41.4",NA,NA
"5515","Utah",2012,"1,017,440","740,600","72.8","251,813","24.7",NA,NA
"5615","Vermont",2012,"299,290","92,698","31.0","199,239","66.6",NA,NA
"5715","Virginia",2012,"3,854,490","1,822,522","47.3","1,971,820","51.2",NA,NA
"5815","Washington",2012,"3,125,516","1,290,670","41.3","1,755,396","56.2",NA,NA
"5912","West Virginia",2012,"670,438","417,655","62.3","238,269","35.5",NA,NA
"606","Wisconsin",2012,"3,071,434","1,410,966","46.0","1,620,985","52.9",NA,NA
"611","Wyoming",2012,"249,061","170,962","68.6","69,286","27.8",NA,NA
"1316","Alabama",2016,"2,123,372","1,318,255","62.1","729,547","34.4","44,467","2.1"
"1416","Alaska",2016,"318,608","163,387","51.3","116,454","36.6","18,725","5.9"
"1516","Arizona",2016,"2,573,165","1,252,401","48.7","1,161,167","45.1","106,327","4.1"
"1616","Arkansas",2016,"1,130,635","684,872","60.6","380,494","33.7","29,829","2.6"
"1716","California",2016,"14,181,595","4,483,810","31.6","8,753,788","61.7","478,500","3.4"
"1816","Colorado",2016,"2,780,220","1,202,484","43.3","1,338,870","48.2","144,121","5.2"
"1916","Connecticut",2016,"1,644,920","673,215","40.9","897,572","54.6","48,676","3.0"
"2016","Delaware",2016,"441,590","185,127","41.9","235,603","53.4","14,757","3.3"
"2116","District of Columbia",2016,"311,268","12,723","4.1","282,830","90.9","4,906","1.6"
"2216","Florida",2016,"9,420,039","4,617,886","49.0","4,504,975","47.8","207,043","2.2"
"2316","Georgia",2016,"4,092,373","2,089,104","51.0","1,877,963","45.9","125,306","3.1"
"2416","Hawaii",2016,"428,937","128,847","30.0","266,891","62.2","15,954","3.7"
"2516","Idaho",2016,"690,255","409,055","59.3","189,765","27.5","28,331","4.1"
"2616","Illinois",2016,"5,536,424","2,146,015","38.8","3,090,729","55.8","209,596","3.8"
"2716","Indiana",2016,"2,734,958","1,557,286","56.9","1,033,126","37.8","133,993","4.9"
"2816","Iowa",2016,"1,566,031","800,983","51.1","653,669","41.7","59,186","3.8"
"2915","Kansas",2016,"1,184,402","671,018","56.7","427,005","36.1","55,406","4.7"
"3015","Kentucky",2016,"1,924,149","1,202,971","62.5","628,854","32.7","53,752","2.8"
"3116","Louisiana",2016,"2,029,032","1,178,638","58.1","780,154","38.4","37,978","1.9"
"3216","Maine",2016,"747,927","335,593","44.9","357,735","47.8","38,105","5.1"
"3316","Maryland",2016,"2,781,446","943,169","33.9","1,677,928","60.3","79,605","2.9"
"3416","Massachusetts",2016,"3,325,046","1,090,893","32.8","1,995,196","60.0","138,018","4.2"
"3516","Michigan",2016,"4,799,284","2,279,543","47.5","2,268,839","47.3","172,136","3.6"
"3616","Minnesota",2016,"2,944,813","1,322,951","44.9","1,367,716","46.4","112,972","3.8"
"3716","Mississippi",2016,"1,209,357","700,714","57.9","485,131","40.1","14,435","1.2"
"3816","Missouri",2016,"2,808,605","1,594,511","56.8","1,071,068","38.1","97,359","3.5"
"3915","Montana",2016,"494,526","279,240","56.5","177,709","35.9","28,037","5.7"
"4015","Nebraska",2016,"844,227","495,961","58.7","284,494","33.7","38,946","4.6"
"4416","Nevada",2016,"1,125,385","512,058","45.5","539,260","47.9","37,384","3.3"
"4516","New Hampshire",2016,"744,296","345,790","46.5","348,526","46.8","30,777","4.1"
"4616","New Jersey",2016,"3,874,046","1,601,933","41.4","2,148,278","55.5","72,477","1.9"
"4716","New Mexico",2016,"798,318","319,666","40.0","385,234","48.3","74,541","9.3"
"4816","New York",2016,"7,721,453","2,819,534","36.5","4,556,124","59.0","176,598","2.3"
"4916","North Carolina",2016,"4,741,564","2,362,631","49.8","2,189,316","46.2","130,126","2.7"
"5016","North Dakota",2016,"344,360","216,794","63.0","93,758","27.2","21,434","6.2"
"5116","Ohio",2016,"5,496,487","2,841,005","51.7","2,394,164","43.6","174,498","3.2"
"5216","Oklahoma",2016,"1,452,992","949,136","65.3","420,375","28.9","83,481","5.7"
"5316","Oregon",2016,"2,001,336","782,403","39.1","1,002,106","50.1","94,231","4.7"
"5416","Pennsylvania",2016,"6,115,402","2,970,733","48.6","2,926,441","47.9","146,715","2.4"
"5516","Rhode Island",2016,"464,144","180,543","38.9","252,525","54.4","14,746","3.2"
"5616","South Carolina",2016,"2,103,027","1,155,389","54.9","855,373","40.7","49,204","2.3"
"5716","South Dakota",2016,"370,093","227,721","61.5","117,458","31.7","20,850","5.6"
"5816","Tennessee",2016,"2,508,027","1,522,925","60.7","870,695","34.7","70,397","2.8"
"5913","Texas",2016,"8,969,226","4,685,047","52.2","3,877,868","43.2","283,492","3.2"
"607","Utah",2016,"1,131,430","515,231","45.5","310,676","27.5","39,608","3.5"
"612","Vermont",2016,"315,067","95,369","30.3","178,573","56.7","10,078","3.2"
"621","Virginia",2016,"3,982,752","1,769,443","44.4","1,981,473","49.8","118,274","3.0"
"631","Washington",2016,"3,209,214","1,221,747","38.1","1,742,718","54.3","160,879","5.0"
"641","West Virginia",2016,"713,051","489,371","68.6","188,794","26.5","23,004","3.2"
"65","Wisconsin",2016,"2,976,150","1,405,284","47.2","1,382,536","46.5","106,674","3.6"
"66","Wyoming",2016,"255,849","174,419","68.2","55,973","21.9","13,287","5.2"
